timeStamp,elapsed,label,responseCode,responseMessage,threadName,dataType,success,failureMessage,bytes,sentBytes,grpThreads,allThreads,URL,Latency,IdleTime,Connect
1686517302204,206,login,200,,Thread Group 1-1,text,true,,2629,246,3,3,http://3.141.4.157/fablix/login.html,203,0,85
1686517302221,189,login,200,,Thread Group 1-2,text,true,,2629,246,3,3,http://3.141.4.157/fablix/login.html,186,0,69
1686517302322,131,login,200,,Thread Group 1-3,text,true,,2629,246,4,4,http://3.141.4.157/fablix/login.html,131,0,63
1686517302418,140,login,200,,Thread Group 1-4,text,true,,2629,246,5,5,http://3.141.4.157/fablix/login.html,140,0,70
1686517302518,137,login,200,,Thread Group 1-5,text,true,,2629,246,6,6,http://3.141.4.157/fablix/login.html,137,0,65
1686517302617,138,login,200,,Thread Group 1-6,text,true,,2629,246,7,7,http://3.141.4.157/fablix/login.html,138,0,64
1686517302714,138,login,200,,Thread Group 1-7,text,true,,2629,246,8,8,http://3.141.4.157/fablix/login.html,138,0,65
1686517302813,135,login,200,,Thread Group 1-8,text,true,,2629,246,9,9,http://3.141.4.157/fablix/login.html,135,0,64
1686517302912,138,login,200,,Thread Group 1-9,text,true,,2629,246,10,10,http://3.141.4.157/fablix/login.html,138,0,64
1686517303012,145,login,200,,Thread Group 1-10,text,true,,2629,246,10,10,http://3.141.4.157/fablix/login.html,145,0,64
1686517302559,1158,add,200,,Thread Group 1-4,text,true,,2132,197,10,10,http://3.141.4.157/fablix/search?title=Being%20Human&pagesize=50&sort=ranking&order=DESC,1158,0,0
1686517302418,1300,add,200,,Thread Group 1-2,text,true,,165,203,10,10,http://3.141.4.157/fablix/search?title=The%20Sixth%20Sense&pagesize=50&sort=ranking&order=DESC,1300,0,0
1686517302418,1300,add,200,,Thread Group 1-1,text,true,,1782,198,10,10,http://3.141.4.157/fablix/search?title=Forrest%20Gump&pagesize=50&sort=ranking&order=DESC,1300,0,0
1686517302853,867,add,200,,Thread Group 1-7,text,true,,165,202,10,10,http://3.141.4.157/fablix/search?title=The%20Two%20Towers&pagesize=50&sort=ranking&order=DESC,867,0,0
1686517302949,773,add,200,,Thread Group 1-8,text,true,,2480,206,10,10,http://3.141.4.157/fablix/search?title=Live%20and%20Let%20Die&pagesize=50&sort=ranking&order=DESC,773,0,0
1686517302454,1268,add,200,,Thread Group 1-3,text,true,,5428,200,10,10,http://3.141.4.157/fablix/search?title=Bruce%20Almighty&pagesize=50&sort=ranking&order=DESC,1268,0,0
1686517302756,967,add,200,,Thread Group 1-6,text,true,,336,207,10,10,http://3.141.4.157/fablix/search?title=Million%20Dollar%20Baby&pagesize=50&sort=ranking&order=DESC,967,0,0
1686517302656,1068,add,200,,Thread Group 1-5,text,true,,165,199,10,10,http://3.141.4.157/fablix/search?title=Batman%20Begins&pagesize=50&sort=ranking&order=DESC,1068,0,0
1686517303050,1023,add,200,,Thread Group 1-9,text,true,,165,213,10,10,http://3.141.4.157/fablix/search?title=The%20Lord%20of%20the%20Rings&pagesize=50&sort=ranking&order=DESC,1023,0,0
1686517303718,1245,add,200,,Thread Group 1-4,text,true,,2864,212,10,10,http://3.141.4.157/fablix/search?title=The%20Spy%20Who%20Loved%20Me&pagesize=50&sort=ranking&order=DESC,1245,0,64
1686517303718,1246,add,200,,Thread Group 1-2,text,true,,835,198,10,10,http://3.141.4.157/fablix/search?title=Notting%20Hill&pagesize=50&sort=ranking&order=DESC,1246,0,64
1686517303158,1808,add,200,,Thread Group 1-10,text,true,,1810,202,10,10,http://3.141.4.157/fablix/search?title=Shall%20We%20Dance&pagesize=50&sort=ranking&order=DESC,1807,0,0
1686517303720,1247,add,200,,Thread Group 1-7,text,true,,521,206,10,10,http://3.141.4.157/fablix/search?title=The%20Usual%20Suspects&pagesize=50&sort=ranking&order=DESC,1247,0,64
1686517303725,1242,add,200,,Thread Group 1-5,text,true,,3640,197,10,10,http://3.141.4.157/fablix/search?title=Ghost%20World&pagesize=50&sort=ranking&order=DESC,1242,0,74
1686517303722,1246,add,200,,Thread Group 1-3,text,true,,165,199,10,10,http://3.141.4.157/fablix/search?title=Batman%20Begins&pagesize=50&sort=ranking&order=DESC,1246,0,77
1686517303719,1251,add,200,,Thread Group 1-1,text,true,,3640,197,10,10,http://3.141.4.157/fablix/search?title=Ghost%20World&pagesize=50&sort=ranking&order=DESC,1249,0,63
1686517303722,1249,add,200,,Thread Group 1-8,text,true,,5341,200,10,10,http://3.141.4.157/fablix/search?title=Vampire%20Effect&pagesize=50&sort=ranking&order=DESC,1249,0,77
1686517303724,2006,add,200,,Thread Group 1-6,text,true,,165,201,10,10,http://3.141.4.157/fablix/search?title=The%20Lost%20Boys&pagesize=50&sort=ranking&order=DESC,2006,0,75
1686517304968,763,add,200,,Thread Group 1-3,text,true,,165,203,10,10,http://3.141.4.157/fablix/search?title=Swimming%20Upstream&pagesize=50&sort=ranking&order=DESC,763,0,66
1686517304074,1695,add,200,,Thread Group 1-9,text,true,,843,206,10,10,http://3.141.4.157/fablix/search?title=American%20History%20X&pagesize=50&sort=ranking&order=DESC,1695,0,66
1686517304967,855,add,200,,Thread Group 1-5,text,true,,165,208,10,10,http://3.141.4.157/fablix/search?title=Walk%20in%20the%20Clouds&pagesize=50&sort=ranking&order=DESC,855,0,65
1686517304967,930,add,200,,Thread Group 1-7,text,true,,809,199,10,10,http://3.141.4.157/fablix/search?title=Rush%20Hour%202&pagesize=50&sort=ranking&order=DESC,930,0,67
1686517304970,937,add,200,,Thread Group 1-1,text,true,,7135,192,10,10,http://3.141.4.157/fablix/search?title=Dr.%20No&pagesize=50&sort=ranking&order=DESC,936,0,63
1686517304964,960,add,200,,Thread Group 1-4,text,true,,89201,189,10,10,http://3.141.4.157/fablix/search?title=Seven&pagesize=50&sort=ranking&order=DESC,826,0,70
1686517304965,1019,add,200,,Thread Group 1-2,text,true,,24704,193,10,10,http://3.141.4.157/fablix/search?title=Alexander&pagesize=50&sort=ranking&order=DESC,955,0,67
1686517305822,1332,add,200,,Thread Group 1-5,text,true,,165,200,10,10,http://3.141.4.157/fablix/search?title=Lemony%20Snicket&pagesize=50&sort=ranking&order=DESC,1332,0,64
1686517305908,1248,add,200,,Thread Group 1-1,text,true,,165,201,10,10,http://3.141.4.157/fablix/search?title=The%20Lost%20Boys&pagesize=50&sort=ranking&order=DESC,1248,0,64
1686517304972,2184,add,200,,Thread Group 1-8,text,true,,165,198,10,10,http://3.141.4.157/fablix/search?title=Ocean%20Twelve&pagesize=50&sort=ranking&order=DESC,2184,0,75
1686517304966,2191,add,200,,Thread Group 1-10,text,true,,509,199,10,10,http://3.141.4.157/fablix/search?title=Sleepy%20Hollow&pagesize=50&sort=ranking&order=DESC,2191,0,81
1686517305898,1260,add,200,,Thread Group 1-7,text,true,,1119,191,10,10,http://3.141.4.157/fablix/search?title=Stepmom&pagesize=50&sort=ranking&order=DESC,1260,0,67
1686517305769,1390,add,200,,Thread Group 1-9,text,true,,4414,198,10,10,http://3.141.4.157/fablix/search?title=Terminator%202&pagesize=50&sort=ranking&order=DESC,1390,0,65
1686517305732,1438,add,200,,Thread Group 1-3,text,true,,11566,203,10,10,http://3.141.4.157/fablix/search?title=License%20To%20Kill&pagesize=50&sort=ranking&order=DESC,1429,0,67
1686517305731,1439,add,200,,Thread Group 1-6,text,true,,1996,204,10,10,http://3.141.4.157/fablix/search?title=the%20Last%20Crusade&pagesize=50&sort=ranking&order=DESC,1439,0,69
1686517305925,2229,add,200,,Thread Group 1-4,text,true,,165,204,10,10,http://3.141.4.157/fablix/search?title=The%20Life%20Aquatic&pagesize=50&sort=ranking&order=DESC,2229,0,63
1686517307155,999,add,200,,Thread Group 1-5,text,true,,341,212,10,10,http://3.141.4.157/fablix/search?title=The%20Merchant%20of%20Venice&pagesize=50&sort=ranking&order=DESC,999,0,65
1686517305985,2174,add,200,,Thread Group 1-2,text,true,,165,199,10,10,http://3.141.4.157/fablix/search?title=The%20Machinist&pagesize=50&sort=ranking&order=DESC,2174,0,66
1686517307158,1001,add,200,,Thread Group 1-10,text,true,,873,190,10,10,http://3.141.4.157/fablix/search?title=Amelie&pagesize=50&sort=ranking&order=DESC,1001,0,73
1686517308154,1061,add,200,,Thread Group 1-4,text,true,,165,202,10,10,http://3.141.4.157/fablix/search?title=The%20Two%20Towers&pagesize=50&sort=ranking&order=DESC,1061,0,65
1686517307159,2067,add,200,,Thread Group 1-7,text,true,,3510,192,10,10,http://3.141.4.157/fablix/search?title=8%20Mile&pagesize=50&sort=ranking&order=DESC,2067,0,72
1686517307171,2055,add,200,,Thread Group 1-3,text,true,,165,199,10,10,http://3.141.4.157/fablix/search?title=Oceans%20Twelve&pagesize=50&sort=ranking&order=DESC,2055,0,83
1686517307157,2069,add,200,,Thread Group 1-8,text,true,,3389,200,10,10,http://3.141.4.157/fablix/search?title=Home%20Alone%202&pagesize=50&sort=ranking&order=DESC,2069,0,74
1686517307160,2088,add,200,,Thread Group 1-9,text,true,,165,200,10,10,http://3.141.4.157/fablix/search?title=Racing%20Stripes&pagesize=50&sort=ranking&order=DESC,2088,0,71
1686517307157,2094,add,200,,Thread Group 1-1,text,true,,165,202,10,10,http://3.141.4.157/fablix/search?title=50%20First%20Dates&pagesize=50&sort=ranking&order=DESC,2094,0,74
1686517307171,2081,add,200,,Thread Group 1-6,text,true,,1163,203,10,10,http://3.141.4.157/fablix/search?title=Dumb%20and%20Dumber&pagesize=50&sort=ranking&order=DESC,2081,0,81
1686517308154,1100,add,200,,Thread Group 1-5,text,true,,7396,206,10,10,http://3.141.4.157/fablix/search?title=The%20Princess%20Bride&pagesize=50&sort=ranking&order=DESC,1095,0,66
1686517308159,1721,add,200,,Thread Group 1-2,text,true,,1794,193,10,10,http://3.141.4.157/fablix/search?title=GoldenEye&pagesize=50&sort=ranking&order=DESC,1721,0,71
1686517309227,959,add,200,,Thread Group 1-7,text,true,,2192,207,10,10,http://3.141.4.157/fablix/search?title=Saving%20Private%20Ryan&pagesize=50&sort=ranking&order=DESC,959,0,64
1686517309255,931,add,200,,Thread Group 1-5,text,true,,165,201,10,10,http://3.141.4.157/fablix/search?title=Proof%20of%20Life&pagesize=50&sort=ranking&order=DESC,931,0,64
1686517309227,959,add,200,,Thread Group 1-8,text,true,,6996,200,10,10,http://3.141.4.157/fablix/search?title=Spider%20Man%202&pagesize=50&sort=ranking&order=DESC,958,0,64
1686517309253,962,add,200,,Thread Group 1-6,text,true,,332,208,10,10,http://3.141.4.157/fablix/search?title=For%20Your%20Eyes%20Only&pagesize=50&sort=ranking&order=DESC,962,0,66
1686517310186,987,add,200,,Thread Group 1-8,text,true,,165,209,10,10,http://3.141.4.157/fablix/search?title=Bowling%20for%20Columbine&pagesize=50&sort=ranking&order=DESC,987,0,64
1686517309880,1299,add,200,,Thread Group 1-2,text,true,,5938,196,10,10,http://3.141.4.157/fablix/search?title=City%20Light&pagesize=50&sort=ranking&order=DESC,1293,0,64
1686517310187,992,add,200,,Thread Group 1-5,text,true,,5636,205,10,10,http://3.141.4.157/fablix/search?title=Son%20Of%20The%20Mask&pagesize=50&sort=ranking&order=DESC,992,0,64
1686517309251,1928,add,200,,Thread Group 1-1,text,true,,1179,202,10,10,http://3.141.4.157/fablix/search?title=Bicentennial%20Man&pagesize=50&sort=ranking&order=DESC,1928,0,68
1686517308159,3501,add,200,,Thread Group 1-10,text,true,,165,198,10,10,http://3.141.4.157/fablix/search?title=Training%20Day&pagesize=50&sort=ranking&order=DESC,3501,0,71
1686517309249,2413,add,200,,Thread Group 1-9,text,true,,165,225,10,10,http://3.141.4.157/fablix/search?title=Charlie%20and%20the%20Chocolate%20Factory&pagesize=50&sort=ranking&order=DESC,2412,0,63
1686517309216,2453,add,200,,Thread Group 1-4,text,true,,5455,198,10,10,http://3.141.4.157/fablix/search?title=Hotel%20Rwanda&pagesize=50&sort=ranking&order=DESC,2453,0,64
1686517309227,2442,add,200,,Thread Group 1-3,text,true,,8064,196,10,10,http://3.141.4.157/fablix/search?title=Philadelphia&pagesize=50&sort=ranking&order=DESC,2442,0,65
1686517310215,1698,add,200,,Thread Group 1-6,text,true,,3510,192,10,10,http://3.141.4.157/fablix/search?title=8%20Mile&pagesize=50&sort=ranking&order=DESC,1698,0,64
1686517310186,1758,add,200,,Thread Group 1-7,text,true,,11572,203,10,10,http://3.141.4.157/fablix/search?title=License%20To%20Kill&pagesize=50&sort=ranking&order=DESC,1734,0,68
1686517311174,823,add,200,,Thread Group 1-8,text,true,,165,205,10,10,http://3.141.4.157/fablix/search?title=Kingdom%20Of%20Heaven&pagesize=50&sort=ranking&order=DESC,822,0,64
1686517311179,939,add,200,,Thread Group 1-2,text,true,,9383,196,10,10,http://3.141.4.157/fablix/search?title=The%20Hunted&pagesize=50&sort=ranking&order=DESC,939,0,67
1686517311179,1906,add,200,,Thread Group 1-5,text,true,,165,191,10,10,http://3.141.4.157/fablix/search?title=Godsend&pagesize=50&sort=ranking&order=DESC,1906,0,67
1686517311661,1425,add,200,,Thread Group 1-10,text,true,,6996,200,10,10,http://3.141.4.157/fablix/search?title=Spider%20Man%202&pagesize=50&sort=ranking&order=DESC,1424,0,65
1686517311669,1417,add,200,,Thread Group 1-4,text,true,,2552,207,10,10,http://3.141.4.157/fablix/search?title=Anna%20and%20the%20King&pagesize=50&sort=ranking&order=DESC,1417,0,67
1686517311914,1175,add,200,,Thread Group 1-6,text,true,,509,199,10,10,http://3.141.4.157/fablix/search?title=Sleepy%20Hollow&pagesize=50&sort=ranking&order=DESC,1175,0,64
1686517311669,1421,add,200,,Thread Group 1-3,text,true,,3534,209,10,10,http://3.141.4.157/fablix/search?title=You%20Only%20Live%20Twice&pagesize=50&sort=ranking&order=DESC,1421,0,67
1686517311662,1440,add,200,,Thread Group 1-9,text,true,,12323,195,10,10,http://3.141.4.157/fablix/search?title=Star%20Wars&pagesize=50&sort=ranking&order=DESC,1427,0,64
1686517311944,1205,add,200,,Thread Group 1-7,text,true,,24716,193,10,10,http://3.141.4.157/fablix/search?title=Alexander&pagesize=50&sort=ranking&order=DESC,1139,0,64
1686517311179,1971,add,200,,Thread Group 1-1,text,true,,24716,193,10,10,http://3.141.4.157/fablix/search?title=Alexander&pagesize=50&sort=ranking&order=DESC,1903,0,68
1686517313086,1298,add,200,,Thread Group 1-10,text,true,,165,210,10,10,http://3.141.4.157/fablix/search?title=The%20Matrix%20Revolutions&pagesize=50&sort=ranking&order=DESC,1298,0,65
1686517313102,1283,add,200,,Thread Group 1-9,text,true,,2002,205,10,10,http://3.141.4.157/fablix/search?title=I%20Heart%20Huckabees&pagesize=50&sort=ranking&order=DESC,1283,0,70
1686517313089,1296,add,200,,Thread Group 1-6,text,true,,165,205,10,10,http://3.141.4.157/fablix/search?title=The%20Fifth%20Element&pagesize=50&sort=ranking&order=DESC,1296,0,74
1686517313087,1357,add,200,,Thread Group 1-4,text,true,,90017,189,10,10,http://3.141.4.157/fablix/search?title=Seven&pagesize=50&sort=ranking&order=DESC,1230,0,64
1686517313085,2165,add,200,,Thread Group 1-5,text,true,,165,201,10,10,http://3.141.4.157/fablix/search?title=Hide%20and%20Seek&pagesize=50&sort=ranking&order=DESC,2165,0,66
1686517313090,2161,add,200,,Thread Group 1-3,text,true,,165,199,10,10,http://3.141.4.157/fablix/search?title=The%20Machinist&pagesize=50&sort=ranking&order=DESC,2161,0,73
1686517313150,2102,add,200,,Thread Group 1-1,text,true,,5763,193,10,10,http://3.141.4.157/fablix/search?title=Unleashed&pagesize=50&sort=ranking&order=DESC,2102,0,66
1686517313150,2104,add,200,,Thread Group 1-7,text,true,,5539,205,10,10,http://3.141.4.157/fablix/search?title=Intolerable%20Cruelty&pagesize=50&sort=ranking&order=DESC,2104,0,67
1686517311997,3258,add,200,,Thread Group 1-8,text,true,,5415,207,10,10,http://3.141.4.157/fablix/search?title=Love%20the%20Hard%20Way&pagesize=50&sort=ranking&order=DESC,3257,0,64
1686517314385,885,add,200,,Thread Group 1-6,text,true,,1163,203,10,10,http://3.141.4.157/fablix/search?title=Dumb%20and%20Dumber&pagesize=50&sort=ranking&order=DESC,885,0,63
1686517314385,887,add,200,,Thread Group 1-9,text,true,,1488,201,10,10,http://3.141.4.157/fablix/search?title=American%20Beauty&pagesize=50&sort=ranking&order=DESC,887,0,65
1686517312119,3230,add,200,,Thread Group 1-2,text,true,,80295,189,10,10,http://3.141.4.157/fablix/search?title=Alien&pagesize=50&sort=ranking&order=DESC,3100,0,64
1686517315251,1273,add,200,,Thread Group 1-5,text,true,,5611,190,10,10,http://3.141.4.157/fablix/search?title=Alien3&pagesize=50&sort=ranking&order=DESC,1273,0,65
1686517315253,1271,add,200,,Thread Group 1-1,text,true,,5146,207,10,10,http://3.141.4.157/fablix/search?title=Bride%20and%20Prejudice&pagesize=50&sort=ranking&order=DESC,1271,0,65
1686517315252,1272,add,200,,Thread Group 1-3,text,true,,336,207,10,10,http://3.141.4.157/fablix/search?title=Million%20Dollar%20Baby&pagesize=50&sort=ranking&order=DESC,1272,0,64
1686517315254,1270,add,200,,Thread Group 1-7,text,true,,809,199,10,10,http://3.141.4.157/fablix/search?title=Rush%20Hour%202&pagesize=50&sort=ranking&order=DESC,1270,0,64
1686517316524,942,add,200,,Thread Group 1-7,text,true,,335,204,10,10,http://3.141.4.157/fablix/search?title=Any%20Given%20Sunday&pagesize=50&sort=ranking&order=DESC,941,0,66
1686517315349,2118,add,200,,Thread Group 1-2,text,true,,809,199,10,10,http://3.141.4.157/fablix/search?title=Rush%20Hour%202&pagesize=50&sort=ranking&order=DESC,2118,0,64
1686517315272,2202,add,200,,Thread Group 1-9,text,true,,165,202,10,10,http://3.141.4.157/fablix/search?title=50%20First%20Dates&pagesize=50&sort=ranking&order=DESC,2202,0,69
1686517316524,950,add,200,,Thread Group 1-1,text,true,,331,199,10,10,http://3.141.4.157/fablix/search?title=Almost%20Famous&pagesize=50&sort=ranking&order=DESC,950,0,66
1686517315271,2706,add,200,,Thread Group 1-6,text,true,,165,231,10,10,http://3.141.4.157/fablix/search?title=Eternal%20Sunshine%20of%20the%20Spotless%20Mind&pagesize=50&sort=ranking&order=DESC,2706,0,64
1686517314384,3594,add,200,,Thread Group 1-10,text,true,,1814,199,10,10,http://3.141.4.157/fablix/search?title=Jurassic%20Park&pagesize=50&sort=ranking&order=DESC,3594,0,68
1686517314445,3534,add,200,,Thread Group 1-4,text,true,,165,205,10,10,http://3.141.4.157/fablix/search?title=The%20Polar%20Express&pagesize=50&sort=ranking&order=DESC,3534,0,66
1686517315255,2805,add,200,,Thread Group 1-8,text,true,,30736,194,10,10,http://3.141.4.157/fablix/search?title=The%20Mask&pagesize=50&sort=ranking&order=DESC,2737,0,76
1686517317466,1017,add,200,,Thread Group 1-7,text,true,,343,203,10,10,http://3.141.4.157/fablix/search?title=In%20Good%20Company&pagesize=50&sort=ranking&order=DESC,1017,0,64
1686517316524,1962,add,200,,Thread Group 1-5,text,true,,2808,206,10,10,http://3.141.4.157/fablix/search?title=A%20Clockwork%20Orange&pagesize=50&sort=ranking&order=DESC,1962,0,67
1686517317468,1018,add,200,,Thread Group 1-2,text,true,,3806,199,10,10,http://3.141.4.157/fablix/search?title=Indiana%20Jones&pagesize=50&sort=ranking&order=DESC,1018,0,64
1686517316524,1962,add,200,,Thread Group 1-3,text,true,,6996,200,10,10,http://3.141.4.157/fablix/search?title=Spider%20Man%202&pagesize=50&sort=ranking&order=DESC,1962,0,67
1686517318061,1340,add,200,,Thread Group 1-8,text,true,,349,225,10,10,http://3.141.4.157/fablix/search?title=Monty%20Python%20and%20the%20Holy%20Grail&pagesize=50&sort=ranking&order=DESC,1340,0,65
1686517317979,1422,add,200,,Thread Group 1-4,text,true,,1165,200,10,10,http://3.141.4.157/fablix/search?title=Men%20In%20Black&pagesize=50&sort=ranking&order=DESC,1422,0,66
1686517318487,915,add,200,,Thread Group 1-2,text,true,,3020,195,10,10,http://3.141.4.157/fablix/search?title=Thunderball&pagesize=50&sort=ranking&order=DESC,915,0,63
1686517318484,999,add,200,,Thread Group 1-7,text,true,,80296,189,10,10,http://3.141.4.157/fablix/search?title=Alien&pagesize=50&sort=ranking&order=DESC,869,0,66
1686517319403,1039,add,200,,Thread Group 1-2,text,true,,1654,195,10,10,http://3.141.4.157/fablix/search?title=Episode%20I&pagesize=50&sort=ranking&order=DESC,1038,0,63
1686517319401,1041,add,200,,Thread Group 1-8,text,true,,6047,191,10,10,http://3.141.4.157/fablix/search?title=Hellboy&pagesize=50&sort=ranking&order=DESC,1040,0,65
1686517318487,1956,add,200,,Thread Group 1-5,text,true,,336,207,10,10,http://3.141.4.157/fablix/search?title=Million%20Dollar%20Baby&pagesize=50&sort=ranking&order=DESC,1955,0,65
1686517318486,1957,add,200,,Thread Group 1-3,text,true,,165,199,10,10,http://3.141.4.157/fablix/search?title=Oceans%20Twelve&pagesize=50&sort=ranking&order=DESC,1957,0,66
1686517317978,3252,add,200,,Thread Group 1-6,text,true,,2132,197,10,10,http://3.141.4.157/fablix/search?title=Being%20Human&pagesize=50&sort=ranking&order=DESC,3252,0,64
1686517317475,3759,add,200,,Thread Group 1-1,text,true,,2214,215,10,10,http://3.141.4.157/fablix/search?title=The%20World%20is%20Not%20Enough&pagesize=50&sort=ranking&order=DESC,3759,0,67
1686517319402,1832,add,200,,Thread Group 1-4,text,true,,1794,193,10,10,http://3.141.4.157/fablix/search?title=GoldenEye&pagesize=50&sort=ranking&order=DESC,1832,0,64
1686517319483,1751,add,200,,Thread Group 1-7,text,true,,3152,202,10,10,http://3.141.4.157/fablix/search?title=Independence%20Day&pagesize=50&sort=ranking&order=DESC,1751,0,67
1686517317978,3265,add,200,,Thread Group 1-10,text,true,,1508,209,10,10,http://3.141.4.157/fablix/search?title=Ride%20With%20the%20Devil&pagesize=50&sort=ranking&order=DESC,3265,0,66
1686517317475,3768,add,200,,Thread Group 1-9,text,true,,5922,213,10,10,http://3.141.4.157/fablix/search?title=3000%20Miles%20to%20Graceland&pagesize=50&sort=ranking&order=DESC,3768,0,67
1686517321235,773,add,200,,Thread Group 1-1,text,true,,165,202,10,10,http://3.141.4.157/fablix/search?title=The%20Two%20Towers&pagesize=50&sort=ranking&order=DESC,773,0,79
1686517320443,1565,add,200,,Thread Group 1-8,text,true,,2480,206,10,10,http://3.141.4.157/fablix/search?title=Courage%20Under%20Fire&pagesize=50&sort=ranking&order=DESC,1565,0,67
1686517320444,1564,add,200,,Thread Group 1-3,text,true,,11484,195,10,10,http://3.141.4.157/fablix/search?title=The%20Mummy&pagesize=50&sort=ranking&order=DESC,1564,0,76
1686517321231,779,add,200,,Thread Group 1-6,text,true,,5605,203,10,10,http://3.141.4.157/fablix/search?title=National%20Treasure&pagesize=50&sort=ranking&order=DESC,777,0,83
1686517322009,908,add,200,,Thread Group 1-8,text,true,,5984,212,10,10,http://3.141.4.157/fablix/search?title=Assault%20on%20Precinct%2013&pagesize=50&sort=ranking&order=DESC,908,0,66
1686517321243,1674,add,200,,Thread Group 1-10,text,true,,165,216,10,10,http://3.141.4.157/fablix/search?title=The%20Fast%20and%20the%20Furious&pagesize=50&sort=ranking&order=DESC,1674,0,109
1686517321243,1687,add,200,,Thread Group 1-9,text,true,,9383,196,10,10,http://3.141.4.157/fablix/search?title=The%20Hunted&pagesize=50&sort=ranking&order=DESC,1652,0,107
1686517322009,1112,add,200,,Thread Group 1-1,text,true,,112498,188,10,10,http://3.141.4.157/fablix/search?title=Hero&pagesize=50&sort=ranking&order=DESC,925,0,66
1686517322009,1747,add,200,,Thread Group 1-3,text,true,,5388,198,10,10,http://3.141.4.157/fablix/search?title=Mystic%20River&pagesize=50&sort=ranking&order=DESC,1747,0,66
1686517322917,839,add,200,,Thread Group 1-10,text,true,,165,225,10,10,http://3.141.4.157/fablix/search?title=Charlie%20and%20the%20Chocolate%20Factory&pagesize=50&sort=ranking&order=DESC,839,0,65
1686517322010,1747,add,200,,Thread Group 1-6,text,true,,165,213,10,10,http://3.141.4.157/fablix/search?title=The%20Lord%20of%20the%20Rings&pagesize=50&sort=ranking&order=DESC,1747,0,66
1686517322930,828,add,200,,Thread Group 1-9,text,true,,343,203,10,10,http://3.141.4.157/fablix/search?title=In%20Good%20Company&pagesize=50&sort=ranking&order=DESC,828,0,67
1686517323757,1126,add,200,,Thread Group 1-10,text,true,,3204,211,10,10,http://3.141.4.157/fablix/search?title=From%20Russia%20with%20Love&pagesize=50&sort=ranking&order=DESC,1124,0,63
1686517323121,1763,add,200,,Thread Group 1-1,text,true,,1810,202,10,10,http://3.141.4.157/fablix/search?title=Shall%20We%20Dance&pagesize=50&sort=ranking&order=DESC,1763,0,65
1686517322917,1967,add,200,,Thread Group 1-8,text,true,,165,219,10,10,http://3.141.4.157/fablix/search?title=The%20Far%20Side%20of%20the%20World&pagesize=50&sort=ranking&order=DESC,1967,0,67
1686517323756,1140,add,200,,Thread Group 1-3,text,true,,26662,189,10,10,http://3.141.4.157/fablix/search?title=Dogma&pagesize=50&sort=ranking&order=DESC,1002,0,65
1686517320444,4800,add,200,,Thread Group 1-2,text,true,,3452,199,10,10,http://3.141.4.157/fablix/search?title=Oceans%20Eleven&pagesize=50&sort=ranking&order=DESC,4800,0,63
1686517321235,4009,add,200,,Thread Group 1-4,text,true,,855,200,10,10,http://3.141.4.157/fablix/search?title=Bone%20Collector&pagesize=50&sort=ranking&order=DESC,4009,0,79
1686517321235,4010,add,200,,Thread Group 1-7,text,true,,2356,207,10,10,http://3.141.4.157/fablix/search?title=Lord%20of%20the%20Rings&pagesize=50&sort=ranking&order=DESC,4010,0,79
1686517320443,4802,add,200,,Thread Group 1-5,text,true,,165,210,10,10,http://3.141.4.157/fablix/search?title=24%20Hour%20Party%20People&pagesize=50&sort=ranking&order=DESC,4802,0,64
1686517324883,1163,add,200,,Thread Group 1-10,text,true,,5324,199,10,10,http://3.141.4.157/fablix/search?title=Man%20on%20Fire&pagesize=50&sort=ranking&order=DESC,1163,0,64
1686517324884,1163,add,200,,Thread Group 1-8,text,true,,165,199,10,10,http://3.141.4.157/fablix/search?title=Oceans%20Twelve&pagesize=50&sort=ranking&order=DESC,1163,0,64
1686517323758,2289,add,200,,Thread Group 1-9,text,true,,165,209,10,10,http://3.141.4.157/fablix/search?title=Revenge%20of%20the%20Sith&pagesize=50&sort=ranking&order=DESC,2289,0,64
1686517323757,2291,add,200,,Thread Group 1-6,text,true,,165,232,10,10,http://3.141.4.157/fablix/search?title=External%20Sunshine%20of%20the%20Spotless%20Mind&pagesize=50&sort=ranking&order=DESC,2291,0,77
1686517325244,2034,add,200,,Thread Group 1-4,text,true,,3452,199,10,10,http://3.141.4.157/fablix/search?title=Oceans%20Eleven&pagesize=50&sort=ranking&order=DESC,2034,0,65
1686517325245,2035,add,200,,Thread Group 1-5,text,true,,2862,208,10,10,http://3.141.4.157/fablix/search?title=Diamonds%20are%20Forever&pagesize=50&sort=ranking&order=DESC,2035,0,66
1686517326047,1233,add,200,,Thread Group 1-9,text,true,,1187,216,10,10,http://3.141.4.157/fablix/search?title=The%20Phantom%20of%20the%20Opera&pagesize=50&sort=ranking&order=DESC,1233,0,66
1686517326047,1233,add,200,,Thread Group 1-8,text,true,,2862,208,10,10,http://3.141.4.157/fablix/search?title=Diamonds%20are%20Forever&pagesize=50&sort=ranking&order=DESC,1233,0,66
1686517326049,2314,add,200,,Thread Group 1-6,text,true,,7924,208,10,10,http://3.141.4.157/fablix/search?title=The%20Living%20Daylights&pagesize=50&sort=ranking&order=DESC,2313,0,64
1686517327281,1083,add,200,,Thread Group 1-5,text,true,,165,205,10,10,http://3.141.4.157/fablix/search?title=Kingdom%20of%20Heaven&pagesize=50&sort=ranking&order=DESC,1083,0,64
1686517327281,1086,add,200,,Thread Group 1-9,text,true,,835,198,10,10,http://3.141.4.157/fablix/search?title=Notting%20Hill&pagesize=50&sort=ranking&order=DESC,1085,0,65
1686517326046,2321,add,200,,Thread Group 1-10,text,true,,165,202,10,10,http://3.141.4.157/fablix/search?title=The%20Two%20Towers&pagesize=50&sort=ranking&order=DESC,2321,0,67
1686517328364,1904,add,200,,Thread Group 1-5,text,true,,80296,189,10,10,http://3.141.4.157/fablix/search?title=Alien&pagesize=50&sort=ranking&order=DESC,1666,0,67
1686517327278,2991,add,200,,Thread Group 1-4,text,true,,1179,202,10,10,http://3.141.4.157/fablix/search?title=Bicentennial%20Man&pagesize=50&sort=ranking&order=DESC,2991,0,67
1686517328364,1906,add,200,,Thread Group 1-6,text,true,,2312,206,10,10,http://3.141.4.157/fablix/search?title=Lost%20in%20New%20York&pagesize=50&sort=ranking&order=DESC,1906,0,67
1686517327281,2991,add,200,,Thread Group 1-8,text,true,,7396,206,10,10,http://3.141.4.157/fablix/search?title=The%20Princess%20Bride&pagesize=50&sort=ranking&order=DESC,2990,0,66
1686517324896,5986,add,200,,Thread Group 1-3,text,true,,165,203,10,10,http://3.141.4.157/fablix/search?title=Die%20Another%20Day&pagesize=50&sort=ranking&order=DESC,5986,0,66
1686517328367,3922,add,200,,Thread Group 1-9,text,true,,2780,202,10,10,http://3.141.4.157/fablix/search?title=Eyes%20Wide%20Shut&pagesize=50&sort=ranking&order=DESC,3922,0,65
1686517328367,3922,add,200,,Thread Group 1-10,text,true,,165,198,10,10,http://3.141.4.157/fablix/search?title=Coach%20Carter&pagesize=50&sort=ranking&order=DESC,3922,0,64
1686517330268,2115,add,200,,Thread Group 1-5,text,true,,5539,205,10,10,http://3.141.4.157/fablix/search?title=Intolerable%20Cruelty&pagesize=50&sort=ranking&order=DESC,2115,0,65
1686517330270,2115,add,200,,Thread Group 1-6,text,true,,5482,208,10,10,http://3.141.4.157/fablix/search?title=Gone%20with%20the%20Wind&pagesize=50&sort=ranking&order=DESC,2114,0,63
1686517325244,7260,add,200,,Thread Group 1-2,text,true,,3020,195,10,10,http://3.141.4.157/fablix/search?title=Thunderball&pagesize=50&sort=ranking&order=DESC,7257,0,65
1686517324884,7621,add,200,,Thread Group 1-1,text,true,,2426,191,10,10,http://3.141.4.157/fablix/search?title=Traffic&pagesize=50&sort=ranking&order=DESC,7620,0,66
1686517325245,7260,add,200,,Thread Group 1-7,text,true,,1444,194,10,10,http://3.141.4.157/fablix/search?title=Braveheart&pagesize=50&sort=ranking&order=DESC,7259,0,67
1686517332290,1395,add,200,,Thread Group 1-9,text,true,,7333,198,10,10,http://3.141.4.157/fablix/search?title=Moulin%20Rouge&pagesize=50&sort=ranking&order=DESC,1392,0,65
1686517330272,3413,add,200,,Thread Group 1-8,text,true,,835,198,10,10,http://3.141.4.157/fablix/search?title=Notting%20Hill&pagesize=50&sort=ranking&order=DESC,3412,0,64
1686517330883,2802,add,200,,Thread Group 1-3,text,true,,5984,212,10,10,http://3.141.4.157/fablix/search?title=Assault%20on%20Precinct%2013&pagesize=50&sort=ranking&order=DESC,2801,0,67
1686517332290,1397,add,200,,Thread Group 1-10,text,true,,3594,197,10,10,http://3.141.4.157/fablix/search?title=Spiderman%202&pagesize=50&sort=ranking&order=DESC,1397,0,67
1686517332506,2408,add,200,,Thread Group 1-2,text,true,,165,199,10,10,http://3.141.4.157/fablix/search?title=The%20Machinist&pagesize=50&sort=ranking&order=DESC,2408,0,65
1686517333686,1339,add,200,,Thread Group 1-8,text,true,,165,203,10,10,http://3.141.4.157/fablix/search?title=Die%20Another%20Day&pagesize=50&sort=ranking&order=DESC,1339,0,63
1686517332506,2521,add,200,,Thread Group 1-7,text,true,,5533,198,10,10,http://3.141.4.157/fablix/search?title=The%20terminal&pagesize=50&sort=ranking&order=DESC,2520,0,65
1686517333685,1342,add,200,,Thread Group 1-9,text,true,,511,203,10,10,http://3.141.4.157/fablix/search?title=Black%20Hawk%20Down&pagesize=50&sort=ranking&order=DESC,1341,0,64
1686517333687,2401,add,200,,Thread Group 1-10,text,true,,165,222,10,10,http://3.141.4.157/fablix/search?title=A%20Series%20of%20Unfortunate%20Events&pagesize=50&sort=ranking&order=DESC,2401,0,65
1686517333686,2403,add,200,,Thread Group 1-3,text,true,,165,225,10,10,http://3.141.4.157/fablix/search?title=Charlie%20and%20the%20Chocolate%20Factory&pagesize=50&sort=ranking&order=DESC,2403,0,65
1686517335027,1258,add,200,,Thread Group 1-7,text,true,,1187,216,10,10,http://3.141.4.157/fablix/search?title=The%20Phantom%20of%20the%20Opera&pagesize=50&sort=ranking&order=DESC,1258,0,64
1686517334915,1371,add,200,,Thread Group 1-2,text,true,,2862,203,10,10,http://3.141.4.157/fablix/search?title=A%20Space%20Odyssey&pagesize=50&sort=ranking&order=DESC,1371,0,65
1686517335027,2234,add,200,,Thread Group 1-9,text,true,,165,211,10,10,http://3.141.4.157/fablix/search?title=A%20True%20Underdog%20Story&pagesize=50&sort=ranking&order=DESC,2234,0,66
1686517336088,1176,add,200,,Thread Group 1-10,text,true,,531,209,10,10,http://3.141.4.157/fablix/search?title=Blast%20From%20the%20Past&pagesize=50&sort=ranking&order=DESC,1176,0,67
1686517336089,1175,add,200,,Thread Group 1-3,text,true,,809,199,10,10,http://3.141.4.157/fablix/search?title=Rush%20Hour%202&pagesize=50&sort=ranking&order=DESC,1175,0,66
1686517335025,2246,add,200,,Thread Group 1-8,text,true,,31805,189,10,10,http://3.141.4.157/fablix/search?title=Shrek&pagesize=50&sort=ranking&order=DESC,2181,0,65
1686517336287,1621,add,200,,Thread Group 1-2,text,true,,343,203,10,10,http://3.141.4.157/fablix/search?title=In%20Good%20Company&pagesize=50&sort=ranking&order=DESC,1621,0,64
1686517336286,1622,add,200,,Thread Group 1-7,text,true,,165,209,10,10,http://3.141.4.157/fablix/search?title=Bowling%20for%20Columbine&pagesize=50&sort=ranking&order=DESC,1622,0,64
1686517337271,1722,add,200,,Thread Group 1-8,text,true,,2002,205,10,10,http://3.141.4.157/fablix/search?title=I%20Heart%20Huckabees&pagesize=50&sort=ranking&order=DESC,1722,0,65
1686517337265,1730,add,200,,Thread Group 1-10,text,true,,511,203,10,10,http://3.141.4.157/fablix/search?title=Black%20Hawk%20Down&pagesize=50&sort=ranking&order=DESC,1730,0,62
1686517337265,1730,add,200,,Thread Group 1-3,text,true,,165,214,10,10,http://3.141.4.157/fablix/search?title=The%20Return%20of%20the%20King&pagesize=50&sort=ranking&order=DESC,1730,0,70
1686517337261,1735,add,200,,Thread Group 1-9,text,true,,165,199,10,10,http://3.141.4.157/fablix/search?title=The%20Machinist&pagesize=50&sort=ranking&order=DESC,1735,0,63
1686517332506,7678,add,200,,Thread Group 1-1,text,true,,165,208,10,10,http://3.141.4.157/fablix/search?title=The%20Royal%20Tenenbaums&pagesize=50&sort=ranking&order=DESC,7678,0,65
1686517337908,3005,add,200,,Thread Group 1-2,text,true,,843,206,10,10,http://3.141.4.157/fablix/search?title=American%20History%20X&pagesize=50&sort=ranking&order=DESC,3005,0,64
1686517338994,1920,add,200,,Thread Group 1-8,text,true,,2874,208,10,10,http://3.141.4.157/fablix/search?title=Breakfast%20at%20Tiffany&pagesize=50&sort=ranking&order=DESC,1920,0,64
1686517337908,3006,add,200,,Thread Group 1-7,text,true,,2312,206,10,10,http://3.141.4.157/fablix/search?title=Lost%20in%20New%20York&pagesize=50&sort=ranking&order=DESC,3006,0,65
1686517338995,2256,add,200,,Thread Group 1-10,text,true,,511,203,10,10,http://3.141.4.157/fablix/search?title=Black%20Hawk%20Down&pagesize=50&sort=ranking&order=DESC,2256,0,65
1686517340913,2115,add,200,,Thread Group 1-2,text,true,,5845,197,10,10,http://3.141.4.157/fablix/search?title=White%20Noise&pagesize=50&sort=ranking&order=DESC,2115,0,65
1686517340184,2844,add,200,,Thread Group 1-1,text,true,,332,208,10,10,http://3.141.4.157/fablix/search?title=For%20Your%20Eyes%20Only&pagesize=50&sort=ranking&order=DESC,2844,0,63
1686517338995,4034,add,200,,Thread Group 1-3,text,true,,5922,213,10,10,http://3.141.4.157/fablix/search?title=3000%20Miles%20to%20Graceland&pagesize=50&sort=ranking&order=DESC,4034,0,63
1686517340914,2116,add,200,,Thread Group 1-8,text,true,,5605,203,10,10,http://3.141.4.157/fablix/search?title=National%20Treasure&pagesize=50&sort=ranking&order=DESC,2115,0,66
1686517340914,3664,add,200,,Thread Group 1-7,text,true,,165,219,10,10,http://3.141.4.157/fablix/search?title=Crouching%20Tiger%20Hidden%20Dragon&pagesize=50&sort=ranking&order=DESC,3663,0,66
1686517341252,3326,add,200,,Thread Group 1-10,text,true,,328,197,10,10,http://3.141.4.157/fablix/search?title=The%20Goonies&pagesize=50&sort=ranking&order=DESC,3325,0,65
1686517343028,1766,add,200,,Thread Group 1-1,text,true,,5388,198,10,10,http://3.141.4.157/fablix/search?title=Mystic%20River&pagesize=50&sort=ranking&order=DESC,1766,0,66
1686517343029,1788,add,200,,Thread Group 1-3,text,true,,33735,187,10,10,http://3.141.4.157/fablix/search?title=Elf&pagesize=50&sort=ranking&order=DESC,1660,0,65
1686517343027,2885,add,200,,Thread Group 1-2,text,true,,165,201,10,10,http://3.141.4.157/fablix/search?title=The%20Incredibles&pagesize=50&sort=ranking&order=DESC,2885,0,67
1686517343030,2882,add,200,,Thread Group 1-8,text,true,,1179,202,10,10,http://3.141.4.157/fablix/search?title=Bicentennial%20Man&pagesize=50&sort=ranking&order=DESC,2882,0,64
1686517344577,2675,add,200,,Thread Group 1-10,text,true,,3806,199,10,10,http://3.141.4.157/fablix/search?title=Indiana%20Jones&pagesize=50&sort=ranking&order=DESC,2674,0,64
1686517344577,2886,add,200,,Thread Group 1-7,text,true,,31805,189,10,10,http://3.141.4.157/fablix/search?title=Shrek&pagesize=50&sort=ranking&order=DESC,2688,0,64
1686517345912,4249,add,200,,Thread Group 1-8,text,true,,5146,207,10,10,http://3.141.4.157/fablix/search?title=Bride%20And%20Prejudice&pagesize=50&sort=ranking&order=DESC,4249,0,66
1686517344817,5344,add,200,,Thread Group 1-3,text,true,,1516,210,10,10,http://3.141.4.157/fablix/search?title=When%20Harry%20Met%20Sally&pagesize=50&sort=ranking&order=DESC,5344,0,64
1686517332386,17827,add,200,,Thread Group 1-6,text,true,,5845,197,10,10,http://3.141.4.157/fablix/search?title=White%20Noise&pagesize=50&sort=ranking&order=DESC,17827,0,64
1686517344794,5825,add,200,,Thread Group 1-1,text,true,,165,198,10,10,http://3.141.4.157/fablix/search?title=Coach%20Carter&pagesize=50&sort=ranking&order=DESC,5825,0,65
1686517345912,4710,add,200,,Thread Group 1-2,text,true,,165,209,10,10,http://3.141.4.157/fablix/search?title=Revenge%20of%20the%20Sith&pagesize=50&sort=ranking&order=DESC,4710,0,65
1686517350162,1985,add,200,,Thread Group 1-3,text,true,,1983,207,10,10,http://3.141.4.157/fablix/search?title=Lost%20In%20Translation&pagesize=50&sort=ranking&order=DESC,1985,0,63
1686517347252,5972,add,200,,Thread Group 1-10,text,true,,165,209,10,10,http://3.141.4.157/fablix/search?title=Revenge%20of%20the%20Sith&pagesize=50&sort=ranking&order=DESC,5971,0,64
1686517350212,3014,add,200,,Thread Group 1-6,text,true,,165,210,10,10,http://3.141.4.157/fablix/search?title=24%20Hour%20Party%20People&pagesize=50&sort=ranking&order=DESC,3013,0,64
1686517350619,6010,add,200,,Thread Group 1-1,text,true,,843,206,10,10,http://3.141.4.157/fablix/search?title=American%20History%20X&pagesize=50&sort=ranking&order=DESC,6010,0,64
1686517350623,6006,add,200,,Thread Group 1-2,text,true,,165,205,10,10,http://3.141.4.157/fablix/search?title=Men%20in%20Black%20II&pagesize=50&sort=ranking&order=DESC,6006,0,67
1686517338996,20766,add,200,,Thread Group 1-9,text,true,,165,213,10,10,http://3.141.4.157/fablix/search?title=The%20Lord%20of%20the%20Rings&pagesize=50&sort=ranking&order=DESC,20766,0,63
1686517353224,8096,add,200,,Thread Group 1-10,text,true,,165,198,10,10,http://3.141.4.157/fablix/search?title=Ocean%20Twelve&pagesize=50&sort=ranking&order=DESC,8096,0,63
1686517352147,9174,add,200,,Thread Group 1-3,text,true,,165,205,10,10,http://3.141.4.157/fablix/search?title=The%20Mummy%20Returns&pagesize=50&sort=ranking&order=DESC,9174,0,66
1686517353226,8095,add,200,,Thread Group 1-6,text,true,,165,205,10,10,http://3.141.4.157/fablix/search?title=The%20Polar%20Express&pagesize=50&sort=ranking&order=DESC,8095,0,67
1686517347463,16876,add,200,,Thread Group 1-7,text,true,,110719,186,10,10,http://3.141.4.157/fablix/search?title=X2&pagesize=50&sort=ranking&order=DESC,15687,0,65
1686517356630,8143,add,200,,Thread Group 1-2,text,true,,165,205,10,10,http://3.141.4.157/fablix/search?title=Men%20in%20Black%20II&pagesize=50&sort=ranking&order=DESC,8143,0,64
1686517359761,6890,add,200,,Thread Group 1-9,text,true,,165,199,10,10,http://3.141.4.157/fablix/search?title=All%20Over%20Me&pagesize=50&sort=ranking&order=DESC,6890,0,66
1686517361322,6503,add,200,,Thread Group 1-6,text,true,,1996,204,10,10,http://3.141.4.157/fablix/search?title=the%20Last%20Crusade&pagesize=50&sort=ranking&order=DESC,6503,0,64
1686517361320,9338,add,200,,Thread Group 1-10,text,true,,349,225,10,10,http://3.141.4.157/fablix/search?title=Monty%20Python%20and%20the%20Holy%20Grail&pagesize=50&sort=ranking&order=DESC,9337,0,65
1686517361321,9343,add,200,,Thread Group 1-3,text,true,,3805,194,10,10,http://3.141.4.157/fablix/search?title=Goldfinger&pagesize=50&sort=ranking&order=DESC,9343,0,62
1686517364339,8189,add,200,,Thread Group 1-7,text,true,,165,208,10,10,http://3.141.4.157/fablix/search?title=Gone%20in%2060%20Seconds&pagesize=50&sort=ranking&order=DESC,8189,0,66
1686517366652,13536,add,200,,Thread Group 1-9,text,true,,165,193,10,10,http://3.141.4.157/fablix/search?title=Daredevil&pagesize=50&sort=ranking&order=DESC,13536,0,63
1686517367827,12651,add,200,,Thread Group 1-6,text,true,,165,208,10,10,http://3.141.4.157/fablix/search?title=Gone%20in%2060%20Seconds&pagesize=50&sort=ranking&order=DESC,12651,0,75
1686517364773,15708,add,200,,Thread Group 1-2,text,true,,1996,204,10,10,http://3.141.4.157/fablix/search?title=the%20Last%20Crusade&pagesize=50&sort=ranking&order=DESC,15708,0,65
1686517370659,11455,add,200,,Thread Group 1-10,text,true,,3534,209,10,10,http://3.141.4.157/fablix/search?title=You%20Only%20Live%20Twice&pagesize=50&sort=ranking&order=DESC,11454,0,65
1686517380478,5778,add,200,,Thread Group 1-6,text,true,,165,205,10,10,http://3.141.4.157/fablix/search?title=Kingdom%20Of%20Heaven&pagesize=50&sort=ranking&order=DESC,5778,0,64
1686517372528,13729,add,200,,Thread Group 1-7,text,true,,165,201,10,10,http://3.141.4.157/fablix/search?title=Hide%20and%20Seek&pagesize=50&sort=ranking&order=DESC,13729,0,64
1686517350163,39246,add,200,,Thread Group 1-8,text,true,,165,202,10,10,http://3.141.4.157/fablix/search?title=50%20First%20Dates&pagesize=50&sort=ranking&order=DESC,39246,0,66
1686517380189,9220,add,200,,Thread Group 1-9,text,true,,4414,198,10,10,http://3.141.4.157/fablix/search?title=Terminator%202&pagesize=50&sort=ranking&order=DESC,9220,0,63
1686517370665,22637,add,200,,Thread Group 1-3,text,true,,20738,190,10,10,http://3.141.4.157/fablix/search?title=Aliens&pagesize=50&sort=ranking&order=DESC,18745,0,67
1686517380481,14150,add,200,,Thread Group 1-2,text,true,,3702,199,10,10,http://3.141.4.157/fablix/search?title=Starsky%20Hutch&pagesize=50&sort=ranking&order=DESC,14150,0,64
1686517382114,12518,add,200,,Thread Group 1-10,text,true,,3782,198,10,10,http://3.141.4.157/fablix/search?title=Pretty%20Woman&pagesize=50&sort=ranking&order=DESC,12518,0,63
1686517356630,43523,add,200,,Thread Group 1-1,text,true,,3020,195,10,10,http://3.141.4.157/fablix/search?title=Thunderball&pagesize=50&sort=ranking&order=DESC,43523,0,64
1686517389410,26144,add,200,,Thread Group 1-9,text,true,,336,201,10,10,http://3.141.4.157/fablix/search?title=Bourne%20Identity&pagesize=50&sort=ranking&order=DESC,26144,0,63
1686517386257,36904,add,200,,Thread Group 1-6,text,true,,80314,189,10,10,http://3.141.4.157/fablix/search?title=Alien&pagesize=50&sort=ranking&order=DESC,28707,0,65
1686517389410,36500,add,200,,Thread Group 1-8,text,true,,7333,198,10,10,http://3.141.4.157/fablix/search?title=Moulin%20Rouge&pagesize=50&sort=ranking&order=DESC,36499,0,66
1686517393301,35964,add,200,,Thread Group 1-3,text,true,,5146,207,10,10,http://3.141.4.157/fablix/search?title=Bride%20And%20Prejudice&pagesize=50&sort=ranking&order=DESC,35964,0,64
1686517394632,190316,add,200,,Thread Group 1-10,text,true,,2780,202,10,10,http://3.141.4.157/fablix/search?title=Eyes%20Wide%20Shut&pagesize=50&sort=ranking&order=DESC,190315,0,66
1686517332384,271557,add,200,,Thread Group 1-5,text,true,,110724,186,10,10,http://3.141.4.157/fablix/search?title=X2&pagesize=50&sort=ranking&order=DESC,153432,0,66
1686517425910,195857,add,200,,Thread Group 1-8,text,true,,165,225,10,10,http://3.141.4.157/fablix/search?title=Charlie%20and%20the%20Chocolate%20Factory&pagesize=50&sort=ranking&order=DESC,195857,0,65
1686517423161,203130,add,200,,Thread Group 1-6,text,true,,843,206,10,10,http://3.141.4.157/fablix/search?title=American%20History%20X&pagesize=50&sort=ranking&order=DESC,203130,0,65
